vid,from,WKT,cost_before,cost_remain,visit_number
260726833,6936046216,"LINESTRING(8559314.812735694 5341798.486580552,8566005.60061159 5345363.44928206)",0,0,0
