vid,from,WKT,cost_before,cost_remain,visit_number
2411794845,5673095422,"LINESTRING(8568601.911672344 5351445.503651409,8555151.542595094 5367198.976693364)",0,0,0
