vid,from,WKT,cost_before,cost_remain,visit_number
7599909457,3184454140,"LINESTRING(8559212.89669798 5358863.13016837,8568649.472489944 5342228.95958409)",0,0,0
